id,TwoLetterCode,Country,Book,Author,Read,Notes,visited_country,
AFG,AF,Afghanistan,The Little Coffee Shop of Kabul,Deborah Rodriguez,0,,0,
AFG,AF,Afghanistan,And the Mountains Echoed,Khaled Hosseini,0,,0,
AFG,AF,Afghanistan,A Thousand Splendid Suns,Khaled Hosseini,0,I have a copy,0,
AFG,AF,Afghanistan,The Kite Runner,Khaled Hosseini,1,,0,
AFG,AF,Afghanistan,The 'Stan,Kevin Knodell and David Axe; illustrated by Blue Delliquanti,1,,0,
ALB,AL,Albania,,,0,,0,
DZA,DZ,Algeria,Algeria Is Beautiful like America,Olivia Burton,1,,0,
,AS,American Samoa,,,0,,0,
,AD,Andorra,,,0,,0,
AGO,AO,Angola,,,0,,0,
,AI,Anguilla,,,0,,0,
ATA,AQ,Antarctica,Lost in the Antarctic: The Doomed Voyage of the Endurance,Tod Olson,0,I have a copy (thanks to a Little Free Library!),0,
ATA,AQ,Antarctica,Big Dead Place: Inside the Strange and Menacing World of Antarctica,Nicholas Johnson,1,recommended by /u/Peace_Love_Happiness on reddit,0,
,AG,Antigua and Barbuda,,,0,,0,
ARG,AR,Argentina,Out of the Silence: After the Crash,Eduardo Strauch with Mireya Soriano,1,"double-counting since the crash was technically Argentina, though the author and many characters are Uruguayan",0,
ARG,AR,Argentina,Casablanca and Other Stories,Edgar Brau,0,I have a copy,0,
ARM,AM,Armenia,Artush and Zaur,Ali Akbar,1,machine-translated; see https://queerarmenianlibrary.com/artush-and-zaur-by-ali-akbar/,0,
ARM,AM,Armenia,The 40 days of Musa Dagh,Franz Werfel,0,,0,
,AW,Aruba,Nights in Aruba,Andrew Holleran,0,I have a copy,0,
AUS,AU,Australia,The Narrow Road to the Deep North,Richard Flanagan,0,,0,
AUS,AU,Australia,In a Sunburned Country,Bill Bryson,1,Recommended by Jennifer Ann on Facebook,0,
AUT,AT,Austria,The Little Book: A Novel,Selden Edwards,0,,0,
AUT,AT,Austria,Exile Music,Jennifer Steil,0,recommended by Rachel W.,0,
AUT,AT,Austria,The Devil in Vienna,Doris Orgel,0,,0,
AZE,AZ,Azerbaijan,,,0,,0,
BHS,BS,Bahamas,,,0,,0,
,BH,Bahrain,,,0,,0,
BGD,BD,Bangladesh,,,0,,0,
,BB,Barbados,,,0,,0,
BLR,BY,Belarus,,,0,,0,
BEL,BE,Belgium,,,0,,0,
BLZ,BZ,Belize,Snapshots of Belize: An Anthology of Short Fiction,"Leo Bradley, Zoila Ellis, Evadne Garcia, Evan X. Hyde, Lawrence Vernon, Colville Young, John A. Watler",0,Bought it in Belize,1,
BEN,BJ,Benin,,,0,,0,
,BM,Bermuda,,,0,,0,
BTN,BT,Bhutan,,,0,,0,
BOL,BO,Bolivia,,,0,,0,
,BQ,Bonaire,,,0,,0,
BIH,BA,Bosnia and Herzegovina,The Cellist of Sarajevo,Steven Galloway,0,https://old.reddit.com/r/suggestmeabook/comments/kxy169/book_for_prisoner/gjduv7m/,0,
BWA,BW,Botswana,The No. 1 Ladies Detective Agency Series,Alexander McCall Smith,1,,0,
,BV,Bouvet Island,,,0,,0,
BRA,BR,Brazil,"De:TALES, Stories from Urban Brazil",Fábio Moon and Gabriel Bá,1,,0,
BRA,BR,Brazil,Along the Tapajós,Fernando Vilela,1,children's book,0,
BRA,BR,Brazil,Pelé: The King of Soccer,Eddy Simon and Vincent Brascaglia,1,,0,
,IO,British Indian Ocean Territory,,,0,,0,
,VG,British Virgin Islands,,,0,,0,
BRN,BN,Brunei,,,0,,0,
BGR,BG,Bulgaria,,,0,,0,
BFA,BF,Burkina Faso,,,0,,0,
BDI,BI,Burundi,,,0,,0,
KHM,KH,Cambodia,,,0,,0,
CMR,CM,Cameroon,A Long Way from Douala,Max Lobe,1,,0,
CAN,CA,Canada,"It's a Good Life, If You Don't Weaken",Seth,1,,1,
CAN,CA,Canada,Essex County,Jeff Lemire,0,I have a copy,1,
,CV,Cape Verde,Chiquinho,Baltasar Lopes de Silva,0,,0,
,KY,Cayman Islands,,,0,,0,
CAF,CF,Central African Republic,A House Without Windows,Marc Ellison & Didier Kassa&#xEF;,1,,0,
TCD,TD,Chad,,,0,,0,
CHL,CL,Chile,The House of the Spirits,Isabel Allende,0,,0,
CHL,CL,Chile,The Remainder,Alia Trabucco Zerán,0,recommended by Taylor B. on Facebook,0,
CHL,CL,Chile,Travels in a Thin Country: A Journey through Chile,Sara Wheeler,0,I have a copy (thanks to a Little Free Library!),0,
CHN,CN,China,Saints,Gene Luen Yang,1,,0,
CHN,CN,China,Boxers,Gene Luen Yang,1,,0,
CHN,CN,China,Wild Swans: Three Daughters of China,Jung Chang,0,,0,
CHN,CN,China,Life,Lu Yao,0,,0,
,CX,Christmas Island,,,0,,0,
COL,CO,Colombia,One Hundred Years of Solitude,Gabriel García Márquez,1,,0,
COL,CO,Colombia,,,0,,0,
,KM,Comoros,,,0,,0,
,CK,Cook Islands,,,0,,0,
CRI,CR,Costa Rica,Memories from Limón,Edo Brenes,1,,0,
CRI,CR,Costa Rica,Puerto Limón,Joaquín Gutiérrez,0,mentioned in Memories from Limón,0,
HRV,HR,Croatia,,,0,,0,
CUB,CU,Cuba,Love in the Time of Cholera,Gael Garcia Maquez,0,I have a copy,0,
CUB,CU,Cuba,Letters from Cuba,Ruth Behar,0,,0,
,CW,Curaçao,,,0,,0,
CYP,CY,Cyprus,,,0,,0,
CZE,CZ,Czech Republic,The Unbearable Lightness of Being,Milan Kundera,0,,0,
CZE,CZ,Czech Republic,The Affliction of Praha,Simon Gillard,0,murder mystery set in 1920s Czechoslovakia,0,
CZE,CZ,Czech Republic,"Prague Winter: A Personal Story of Remembrance and War, 1937–1948",Madeleine Albright,0,,0,
COD,CD,Democratic Republic of the Congo,Blood River,Tim Butcher,0,I have the audiobook,0,
COD,CD,Democratic Republic of the Congo,The Poisonwood Bible,Barbara Kingsolver,1,,0,
COD,CD,Democratic Republic of the Congo,Congo: The Epic History of a People,David van Reybrouck,0,,0,
DNK,DK,Denmark,Happy Endings Sleepover,Cade Jay Hathaway,0,I watched the movie in February 2022,0,
DJI,DJ,Djibouti,,,0,,0,
,DM,Dominica,,,0,,0,
DOM,DO,Dominican Republic,The Brief Wondrous Life of Oscar Wao,Junot Diaz,0,I have a copy,0,
TLS,TL,East Timor,Beloved Land,Gordon Peake,0,,0,
ECU,EC,Ecuador,Huasipungo,Jorge Icaza,0,via review at https://www.goodreads.com/book/show/18072774-puerto-lim-n,0,
EGY,EG,Egypt,The Yacoubian Building,Alaa Al Aswany,0,I have the audiobook,0,
EGY,EG,Egypt,Out of Egypt,André Aciman,0,,0,
SLV,SV,El Salvador,,,0,,0,
GNQ,GQ,Equatorial Guinea,,,0,,0,
ERI,ER,Eritrea,,,0,,0,
EST,EE,Estonia,,,0,,0,
ETH,ET,Ethiopia,Cutting for Stone,Abraham Verghese,0,,0,
FLK,FK,Falkland Islands,Pebble Island,Jon McNaught,1,"short read, but captivating; see also https://www.goodreads.com/book/show/8391852-pebble-island",0,
,FO,Faroe Islands,Far Afield,Susanna Kaysen,0,I have a copy,0,
FJI,FJ,Fiji,Deep Beyond The Reef: A True Story Of Madness And Murder in the South Pacific,Owen Scott,0,I have a copy,0,
FIN,FI,Finland,,,0,,0,
FRA,FR,France,Germinal,Emile Zola,0,,1,
FRA,FR,France,Chocolat,Joanne Harris,0,,1,
FRA,FR,France,The Spy,Paulo Coelho,1,,1,
FRA,FR,France,Living Well Is the Best Revenge,Calvin Tomkins,0,,1,
,GF,French Guiana,,,0,,0,
,PF,French Polynesia,,,0,,0,
ATF,TF,French Southern Territories,,,0,,0,
GAB,GA,Gabon,,,0,,0,
GMB,GM,Gambia,,,0,,0,
GEO,GE,Georgia,,,0,,0,
DEU,DE,Germany,Christopher and His Kind,Christopher Isherwood,1,,0,
DEU,DE,Germany,Bent,Martin Sherman,1,,0,
DEU,DE,Germany,Your Perfect Year,Charlotte Lucas,0,,0,
GHA,GH,Ghana,Ghana Must Go,Taiye Selasi,0,,0,
GHA,GH,Ghana,No Sweetness Here,Ama Ata Aidoo,0,,0,
GHA,GH,Ghana,Accra,Kwei Quartey,0,,0,
GHA,GH,Ghana,The Beautiful Ones Are Not Yet Born,Ayi Kwei Armah,0,,0,
GHA,GH,Ghana,Homegoing,Yaa Gyasi,1,,0,
,GI,Gibraltar,,,0,,0,
GRC,GR,Greece,Captain Correli's Mandolin,Louse de Bernieres,0,,0,
GRC,GR,Greece,Middlesex,Jeffrey Eugenides,0,,0,
GRL,GL,Greenland,Exploring Greenland: Twenty Years of Adventure Mountaineering in the Great Arctic Wilderness,Jim Gregson,0,I have a copy,0,
,GD,Grenada,,,0,,0,
,GP,Guadeloupe,,,0,,0,
,GU,Guam,,,0,,0,
GTM,GT,Guatemala,"A Mission to Cook: Guatemalan Food, Recipes, and Stories of the Maya Culture, from San Lucas Tolimán to Minnesota","Encarnación ""Chona"" Ajcot and Ana Sanjquiy de Davis",1,,1,
,GG,Guernsey,,,0,,0,
GIN,GN,Guinea,The African Child,Camara Laye,1,,0,
GNB,GW,Guinea-Bissau,,,0,,0,
GUY,GY,Guyana,,,0,,0,
HTI,HT,Haiti,"Breath, Eyes, Memory",Edwidge Danticat,0,,0,
,HM,Heard Island and McDonald Islands,,,0,,0,
HND,HN,Honduras,,,0,,0,
,HK,Hong Kong,,,0,,0,
HUN,HU,Hungary,,,0,,0,
ISL,IS,Iceland,Trolls - Monster Worm - Hidden People: Fond Memories of Iceland,Íeda Jónasdóttir Herman,1,,0,
IND,IN,India,A House Is a Body: Stories,Shruti Swamy,1,I listened to the audiobook narrated by Soneela Nankani,0,
IND,IN,India,Siddhartha,Hermann Hesse,1,,0,
IND,IN,India,The Lowland,Jhumpa Lahiri,0,,0,
IND,IN,India,The Lives of Others,Neel Murkherjee,0,,0,
IND,IN,India,Shantaram,Gregory David Roberts,0,,0,
IND,IN,India,Midnight's Children,Salman Rushdie,0,,0,
IND,IN,India,The Space Between Us,Thrity Umrigar,0,I have a copy,0,
IDN,ID,Indonesia,,,0,,0,
IRN,IR,Iran,Persepolis,Marjane Satrapi,1,,0,
IRN,IR,Iran,Yousef and Farhad,Khalil Bendib and Amir Soltani,1,http://www.irqo.org/english/?page_id=665,0,
IRN,IR,Iran,Zahra's Paradise,Amir & Khalil,1,,0,
IRN,IR,Iran,Embroideries,Marjane Satrapi,1,,0,
IRN,IR,Iran,Chicken with Plums,Marjane Satrapi,1,,0,
IRN,IR,Iran,Reading Lolita in Tehran,Azar Nafisi,0,,0,
IRQ,IQ,Iraq,Pride of Baghdad,Brian K. Vaughan and Niko Henrichon,1,,0,
IRL,IE,Ireland,The Field,John B. Keane,1,,1,
IRL,IE,Ireland,Sive,John B. Keane,1,,1,
IRL,IE,Ireland,An tOileánach (The Islandman),Tomás Ó Criomhthain,0,I own a copy,1,
IRL,IE,Ireland,Angela's Ashes: A Memoir,Frank McCourt,0,there's also a movie,1,
IRL,IE,Ireland,"At Swim, Two Boys",Jamie O'Neill,0,I have a copy,1,
,IM,Isle of Man,,,0,,0,
ISR,IL,Israel,Exit Wounds,Rutu Modan,1,,0,
ISR,IL,Israel,How to Understand Israel in 60 Days or Less,Sarah Glidden,1,also briefly takes place in the USA and Istanbul,0,
ISR,IL,Israel,Apeirogon,Colum McCann,0,Rachael W. recommends,0,
ISR,IL,Israel,The First Mrs. Rothschild,Sara Aharoni,0,,0,
ITA,IT,Italy,Generations,Flavia Biondi,1,,1,
ITA,IT,Italy,Call Me By Your Name,André Aciman,1,,1,
ITA,IT,Italy,The Name of the Rose,Umberto Eco,0,,1,
CIV,CI,Ivory Coast,Aya: Life in Yop City,Marguerite Abouet and Clément Oubrerie,0,I read about 1/3 in 2019; I have a copy,0,
CIV,CI,Ivory Coast,Akissi (series),Marguerite Abouet,0,,0,
JAM,JM,Jamaica,A Brief History Of Seven Killings,Marlon James,0,,0,
JPN,JP,Japan,My Brother's Husband,Gengoroh Tagame,1,,0,
JPN,JP,Japan,Number9Dream,David Mitchell,1,,0,
JPN,JP,Japan,An Artist of the Floating World,Kazuo Ishiguro,0,,0,
JPN,JP,Japan,Confessions of a Mask,Yukio Mishima,0,https://bookshop.org/books/confessions-of-a-mask/9780811201186?aid=197&listref=space-cowboy-s-literary-fiction-favorites,0,
,JE,Jersey,,,0,,0,
JOR,JO,Jordan,,,0,,0,
KAZ,KZ,Kazakhstan,,,0,,0,
KEN,KE,Kenya,A Grain of Wheat,Ngugi wa Thiong'o,0,,0,
KEN,KE,Kenya,Out of Africa,Isak Dinesen,0,,0,
KEN,KE,Kenya,The White Masai,Corinne Hofmann,1,,0,
KEN,KE,Kenya,When Stars are Scattered,Victoria Jamieson and Omar Mohamed,1,,0,
KEN,KE,Kenya,The Man-eaters of Tsavo,John Henry Patterson,1,,0,
KEN,KE,Kenya,One Day I Will Write About This Place: A Memoir,Binyavanga Wainaina,1,,0,
,KI,Kiribati,,,0,,0,
OSA,XK,Kosovo,,,0,,0,
KWT,KW,Kuwait,Mama Hissa's Mice,Saud Alsanousi,0,,0,
KGZ,KG,Kyrgyzstan,,,0,,0,
LAO,LA,Laos,,,0,,0,
LVA,LV,Latvia,,,0,,0,
LBN,LB,Lebanon,"Spring Rain: A Graphic Memoir of Love, Madness, and Revolutions",Andy Warner,1,,0,
LSO,LS,Lesotho,,,0,,0,
LBR,LR,Liberia,Murder in the Cassava Patch,Bai T. Moore,1,,0,
LBY,LY,Libya,,,0,,0,
,LI,Liechtenstein,,,0,,0,
LTU,LT,Lithuania,,,0,,0,
LUX,LU,Luxembourg,,,0,,0,
,MO,Macao,,,0,,0,
MKD,MK,Macedonia,,,0,,0,
MDG,MG,Madagascar,,,0,,0,
MWI,MW,Malawi,,,0,,0,
MYS,MY,Malaysia,The Kampung Boy,Lat,1,,0,
MYS,MY,Malaysia,Town Boy,Lat,1,,0,
,MV,Maldives,,,0,,0,
MLI,ML,Mali,The Fortunes of Wangrin,Amadou Hampâté Bâ,0,,0,
MLI,ML,Mali,Sidikiba's Kora Lesson,Ryan Thomas Skinner,1,children's book,0,
,MT,Malta,,,0,,0,
,MH,Marshall Islands,,,0,,0,
,MQ,Martinique,,,0,,0,
MRT,MR,Mauritania,The Desert and the Drum,Mbarek Ould Beyrouk,0,recommended by @books.with.lee on TikTok (https://www.tiktok.com/@books.with.lee/video/7085085377567952170),0,
,MU,Mauritius,,,0,,0,
,YT,Mayotte,,,0,,0,
MEX,MX,Mexico,The Pearl,John Steinbeck,1,,1,
MEX,MX,Mexico,Ruins,Peter Kuper,1,,1,
MEX,MX,Mexico,We Are Not From Here,Jenny Torres Sanchez,0,,1,
,FM,Micronesia,,,0,,0,
MDA,MD,Moldova,,,0,,0,
,MC,Monaco,,,0,,0,
MNG,MN,Mongolia,,,0,,0,
MNE,ME,Montenegro,,,0,,0,
,MS,Montserrat,,,0,,0,
MAR,MA,Morocco,Night Boat to Tangier,Kevin Barry,0,I have a copy; not 100% sure on setting,0,
MOZ,MZ,Mozambique,Chronicler of the Winds,Henning Mankell,0,,0,
MMR,MM,Myanmar (Burma),Burma Chronicles,Guy Delisle,1,,0,
NAM,NA,Namibia,,,0,,0,
,NR,Nauru,,,0,,0,
NPL,NP,Nepal,,,0,,0,
NLD,NL,Netherlands,The Diary of Anne Frank,Anne Frank,1,,0,
NCL,NC,New Caledonia,,,0,,0,
NZL,NZ,New Zealand,,,0,,0,
NIC,NI,Nicaragua,,,0,,0,
NER,NE,Niger,,,0,,0,
NGA,NG,Nigeria,Americanah,Chimamanda Ngozi Adichie,1,,0,
NGA,NG,Nigeria,Things Fall Apart,Chinua Achebe,1,,0,
NGA,NG,Nigeria,Lagos__2060,"Afolabi Muheez Ashiru, Okey Egboluche, Chiagozie Fred Nwonwu, Kofo Akib, Ayodele Arigbabu, Adebola Rayo, Terh Agbedeh, Temitayo Olofinlua, Curated by Ayodele Arigbabu, Illustrated by Ibrahim Ganiyu",0,have read partially; see https://unglue.it/work/128685/,0,
NGA,NG,Nigeria,Egbon of Lagos: A Play,Akin Bello,0,,0,
,NU,Niue,,,0,,0,
,NF,Norfolk Island,,,0,,0,
PRK,KP,North Korea,Pyongyang: A Journey in North Korea,Guy Delisle,1,,0,
PRK,KP,North Korea,The Orphan Master's Son,Adam Johnson,0,,0,
PRK,KP,North Korea,Aquariums of Pyongyang,Kang Chol-Hwan,0,mentioned in Delisle's book,0,
PRK,KP,North Korea,This is Paradise!: My North Korean Childhood,Hyok Kang,0,,0,
,MP,Northern Mariana Islands,,,0,,0,
NOR,NO,Norway,Sophie’s World,Jostein Gaardner,0,,0,
NOR,NO,Norway,"Through a Glass, Darkly",Jostein Gaardner,0,,0,
NOR,NO,Norway,Naïve. Super,Erlend Loe,1,book that inspired Mayor Pete to learn Norwegian (https://www.newyorker.com/books/page-turner/the-coming-of-age-tale-that-inspired-mayor-pete-to-learn-norwegian),0,
NOR,NO,Norway,Hunger,Knut Hamsun,0,https://bookshop.org/books/hunger-9780486431680/9780141180649?aid=197&listref=space-cowboy-s-literary-fiction-favorites,0,
NOR,NO,Norway,The Growth of the Soil,Knut Hamsun,0,also mentioned at https://bookshop.org/books/hunger-9780486431680/9780141180649?aid=197&listref=space-cowboy-s-literary-fiction-favorites,0,
OMN,OM,Oman,,,0,,0,
PAK,PK,Pakistan,"Shabanu, Daughter of the Wind",Suzanne Fisher Staples,0,Ryan recommends,0,
,PW,Palau,,,0,,0,
,PS,Palestine,Palestine,Joe Sacco,0,graphic novel; I have a copy,0,
PAN,PA,Panama,,,0,,0,
PNG,PG,Papua New Guinea,"Savage Harvest: A Tale of Cannibals, Colonialism and Michael Rockefeller's Tragic Quest",Carl Hoffman,0,,0,
PRY,PY,Paraguay,,,0,,0,
PER,PE,Peru,Turn Right at Machu Picchu,Mark Adams,1,,0,
PHL,PH,Philippines,,,0,,0,
,PN,Pitcairn Islands,,,0,,0,
POL,PL,Poland,Almost English,Charlotte Mendelson,0,,0,
POL,PL,Poland,Night,Elie Wiesel,1,,0,
PRT,PT,Portugal,,,0,,0,
PRI,PR,Puerto Rico,,,0,,0,
QAT,QA,Qatar,,,0,,0,
COG,CG,Republic of the Congo,,,0,,0,
ROU,RO,Romania,,,0,,0,
RUS,RU,Russia,Fear No Evil ,Natan Sharansky,0,,0,
RUS,RU,Russia,Crime and Punishment,Fyodor Dostoevsky,0,,0,
RUS,RU,Russia,War and Peace,Leo Tolstoy,0,,0,
RUS,RU,Russia,Aleph,Paulo Coelho,1,,0,
RWA,RW,Rwanda,Deogratias: A Tale of Rwanda,Jean-Philippe Strassen,1,,0,
RWA,RW,Rwanda,Igifu,Scholastique Mukasonga,1,Excellent vocabulary; also takes place partly in Burundi,0,
RWA,RW,Rwanda,A Sunday at the Pool in Kigali,Gil Courtemanche,0,,0,
RWA,RW,Rwanda,Baking Cakes in Kigali,Gaile Parkin,0,recommended by Lina; I bought the audiobook from Libro.fm,0,
,RE,Réunion,,,0,,0,
,BL,Saint Barthélemy,,,0,,0,
,SH,Saint Helena,,,0,,0,
,KN,Saint Kitts and Nevis,,,0,,0,
,LC,Saint Lucia,,,0,,0,
,MF,Saint Martin,,,0,,0,
,PM,Saint Pierre and Miquelon,,,0,,0,
,VC,Saint Vincent and the Grenadines,,,0,,0,
,WS,Samoa,,,0,,0,
,SM,San Marino,,,0,,0,
SAU,SA,Saudi Arabia,A Hologram for the King,Dave Eggers,1,,0,
SEN,SN,Senegal,The Belly of the Atlantic,Fatou Diome,0,,0,
SRB,RS,Serbia,,,0,,0,
,SC,Seychelles,,,0,,0,
SLE,SL,Sierra Leone,A Long Way Gone: Memoirs of a Boy Soldier,Ishmael Beah,0,,0,
SGP,SG,Singapore,Kumar: From Rags to Drag,"Kumarason ""Kumar"" Chinnadurai",1,,0,
,SX,Sint Maarten,,,0,,0,
SVK,SK,Slovakia,,,0,,0,
SVN,SI,Slovenia,,,0,,0,
SLB,SB,Solomon Islands,,,0,,0,
SOM,SO,Somalia,Desert Flower,Waris Dirie,0,,0,
SOM,SO,Somalia,Hiding in Plain Sight,Nuruddin Farah,0,,0,
ABV,SO,Somaliland,,,0,,0,
ZAF,ZA,South Africa,Born a Crime,Trevor Noah,1,,0,
ZAF,ZA,South Africa,The White Giraffe,Lauren St John,0,children's book; started listening to the audiobook (https://libro.fm/audiobooks/9780739355855-the-white-giraffe),0,
ZAF,ZA,South Africa,Cry The Beloved Country,Alan Paton,0,,0,
ZAF,ZA,South Africa,July's People,Nadine Gordimer,0,,0,
ZAF,ZA,South Africa,Long Walk to Freedom,Nelson Mandela,0,,0,
ZAF,ZA,South Africa,The Promise,Damon Galgut,0,2021 Booker Prize winner,0,
,GS,South Georgia and the South Sandwich Islands,,,0,,0,
KOR,KR,South Korea,The Waiting,Keum Suk Gendry-Kim,1,I heard about via https://www.latimes.com/entertainment-arts/books/story/2021-11-05/review-the-traumas-of-history-blur-into-the-present-in-a-time-bending-korean-graphic-novel,0,
SDS,SS,South Sudan,What is the What,Dave Eggers,0,,0,
ESP,ES,Spain,The Savage Detectives,Roberto Bolano,0,,0,
ESP,ES,Spain,The Shadow of the Wind,Carlos Ruiz Zafon,0,,0,
ESP,ES,Spain,City of Marvels,Eduardo Mendoa,0,,0,
ESP,ES,Spain,Cold Skin,Albert Sanchez Pinol,0,,0,
ESP,ES,Spain,Soldiers of Salamis,Javier Cercas,0,,0,
ESP,ES,Spain,The Price of Paradise,Susana López Rubio,0,,0,
ESP,ES,Spain,The Camino Club,Kevin Craig,1,,0,
LKA,LK,Sri Lanka,A Passage North,Anuk Arudpragasam,0,,0,
SDN,SD,Sudan,Echoes of the Lost Boys of Sudan,by James Disco and Susan Clark; illustrated by Niki Singleton,1,"also takes place partially in South Sudan, Ethiopia, Kenya, and the USA; see also https://web.archive.org/web/20130531210655/http://echoesofthelostboys.com/",0,
SDN,SD,Sudan,Season of Migration to the North,Tayeb Salih,0,,0,
SUR,SR,Suriname,,,0,,0,
,SJ,Svalbard and Jan Mayen,,,0,,0,
SWZ,SZ,Eswatini/Swaziland,,,0,,0,
SWE,SE,Sweden,The Hundred Year Old Man Who Climbed Out of the Window and Disappeared,Jonas Jonasson,0,,0,
SWE,SE,Sweden,The Girl Who Saved the King of Sweden,Jonas Jonasson,0,,0,
CHE,CH,Switzerland,Swiss Watching: Inside the Land of Milk and Money,Diccon Bewes,0,,0,
CHE,CH,Switzerland,Stiller,Max Frisch,0,,0,
CHE,CH,Switzerland,Homo Faber,Max Frisch,0,,0,
SYR,SY,Syria,We Crossed a Bridge and it Trembled: Voices from Syria,Wendy Pearlman,0,I think my sister gave me a copy,0,
,ST,São Tomé and Príncipe,,,0,,0,
TWN,TW,Taiwan,,,0,,0,
TJK,TJ,Tajikistan,,,0,,0,
TZA,TZ,Tanzania,Dying in the Sun,Peter Palangyo,1,Borrowed from the library. Takes place in the village of Kachawanga.,1,
TZA,TZ,Tanzania,By the Sea,Abdulrazak Gurnah,0,,1,
TZA,TZ,Tanzania,Desertion,Abdulrazak Gurnah,0,,1,
TZA,TZ,Tanzania,The Magic of Saida,M. G. Vassanji,0,recommended by Lina; I have a copy (WIP),1,
TZA,TZ,Tanzania,Cash Cow / Kitega Uchumi,Marc Ellison and Christian Mugarura,0,free @ https://interactive.aljazeera.com/aje/2016/cash-cows-girls-sold-brides/index.html#1,1,
THA,TH,Thailand,,,0,,0,
TGO,TG,Togo,,,0,,0,
,TK,Tokelau,,,0,,0,
,TO,Tonga,,,0,,0,
TTO,TT,Trinidad and Tobago,The Stars and the Blackness Between Them,Junauda Petrus,1,,0,
TUN,TN,Tunisia,,,0,,0,
TUR,TR,Turkey,My Name is Red,Orhan Pamuk,0,,0,
TUR,TR,Turkey,The Girl in the Tree,Şebnem İşigüzel,0,,0,
TUR,TR,Turkey,The Architect's Apprentice,Elif Shafak,0,Stephanie recommended by way of recommending the cover artist (https://www.jayamiceli.com/),0,
TUR,TR,Turkey,The Time Regulation Institute,Ahmet Hamdi Tanpınar,0,I have a copy,0,
TKM,TM,Turkmenistan,,,0,,0,
,TC,Turks and Caicos Islands,,,0,,0,
,TV,Tuvalu,,,0,,0,
,UM,U.S. Minor Outlying Islands,,,0,,0,
,VI,U.S. Virgin Islands,,,0,,0,
UGA,UG,Uganda,The Queen of Katwe,Tim Crothers,1,,0,
UKR,UA,Ukraine,The Orphanage: A Novel,Serhiy Zhadan,1,I learned about it via https://fivebooks.com/best-books/russia-ukraine-serhii-plokhy/,0,
UKR,UA,Ukraine,Zakhar Berkut,Ivan Franko,0,,0,
UKR,UA,Ukraine,Everything Is Illuminated,Jonathan Safran Foer,0,,0,
,AE,United Arab Emirates,,,0,,0,
GBR,GB,United Kingdom,Great Expectations,Charles Dickens,1,,1,
USA,US,United States,Native Son,Richard Wright,1,,1,
USA,US,United States,To Kill a Mockingbird,Harper Lee,1,,1,
USA,US,United States,Parable of the Sower & Parable of the Talents,Octavia E. Butler,1,,1,
USA,US,United States,American War,Omar El Akkad,1,,1,
USA,US,United States,They Called Us Enemy,"George Takei, Justin Eisinger, and Steven Scott",1,,1,
USA,US,United States,Fire on the Mountain,Terry Bisson,1,,1,
USA,US,United States,Stuck Rubber Baby,Howard Cruse,1,,1,
URY,UY,Uruguay,Out of the Silence: After the Crash,Eduardo Strauch with Mireya Soriano,1,double-counting; see note under Argentina,0,
URY,UY,Uruguay,The Woman from Uruguay,Pedro Mairal,0,I have a copy,0,
UZB,UZ,Uzbekistan,,,0,,0,
VUT,VU,Vanuatu,,,0,,0,
,VA,Vatican City,,,0,,1,
VEN,VE,Venezuela,,,0,,0,
VNM,VN,Vietnam,Inside Out & Back Again,Thanhha Lai,1,mostly takes place in the U.S.,0,
VNM,VN,Vietnam,A Different Pond,Bao Phi,1,children's book,0,
VNM,VN,Vietnam,The Magic Fish,Trung Le Nguyen,1,fascinating mix of scenery; only partly in Vietnam,0,
,WF,Wallis and Futuna,,,0,,0,
PSE,PS,West Bank,,,0,,0,
ESH,EH,Western Sahara,,,0,,0,
YEM,YE,Yemen,,,0,,0,
ZMB,ZM,Zambia,,,0,,0,
ZWE,ZW,Zimbabwe,We Need New Names,NoViolet Bulawayo,0,,0,
ZWE,ZW,Zimbabwe,Nervous Conditions,Tsitsi Dangarembga,0,,0,
ZWE,ZW,Zimbabwe,The Hairdresser of Harare,Tendai Huchu,0,,0,
ZWE,ZW,Zimbabwe,The House of Hunger,Dambudzo Marechera,0,recommended by @benjy_lookbook on TikTok (cw: violence),0,
,AX,Åland,,,0,,0,
ZZZ,ZZ,Honorable Mention,Our Stories Carried Us Here: A Graphic Novel Anthology,"Edited by Tea Rozman Clark, Julie Vang, and Tom Kaczynski",1,Many countries represented,-,
ZZZ,ZZ,Honorable Mention,Africa,Herb Ritts,1,Mostly photos from Kenya/Tanzania as far as I can tell; beautiful, but limited text so including as an honorable mention.,-